Value 1,Value 2,Result,
226,932,0.24248927038626608,
768,532,1.443609022556391,
358,119,3.008403361344538,
574,922,0.6225596529284165,
